version,page_size,repetition,status_code,sql_statements,returned_rows,latency_ms
naive,10,1,200,13,10,21.572
naive,10,2,200,13,10,22.52
naive,10,3,200,13,10,17.724
naive,10,4,200,13,10,17.457
naive,10,5,200,13,10,18.656
naive,10,6,200,13,10,16.702
naive,10,7,200,13,10,19.246
naive,10,8,200,13,10,17.928
naive,10,9,200,13,10,17.343
naive,10,10,200,13,10,19.284
naive,10,11,200,13,10,18.253
naive,10,12,200,13,10,17.893
naive,10,13,200,13,10,19.366
naive,10,14,200,13,10,19.342
naive,10,15,200,13,10,18.788
naive,10,16,200,13,10,18.187
naive,10,17,200,13,10,19.618
naive,10,18,200,13,10,22.853
naive,10,19,200,13,10,17.085
naive,10,20,200,13,10,16.541
naive,10,21,200,13,10,18.797
naive,10,22,200,13,10,17.938
naive,10,23,200,13,10,17.695
naive,10,24,200,13,10,18.3
naive,10,25,200,13,10,18.907
naive,10,26,200,13,10,17.917
naive,10,27,200,13,10,16.818
naive,10,28,200,13,10,16.648
naive,10,29,200,13,10,17.837
naive,10,30,200,13,10,17.473
naive,50,1,200,53,50,59.389
naive,50,2,200,53,50,52.479
naive,50,3,200,53,50,52.184
naive,50,4,200,53,50,55.535
naive,50,5,200,53,50,55.05
naive,50,6,200,53,50,55.349
naive,50,7,200,53,50,54.134
naive,50,8,200,53,50,54.59
naive,50,9,200,53,50,53.974
naive,50,10,200,53,50,57.423
naive,50,11,200,53,50,56.281
naive,50,12,200,53,50,57.456
naive,50,13,200,53,50,55.238
naive,50,14,200,53,50,56.765
naive,50,15,200,53,50,53.757
naive,50,16,200,53,50,57.119
naive,50,17,200,53,50,57.786
naive,50,18,200,53,50,53.738
naive,50,19,200,53,50,59.21
naive,50,20,200,53,50,54.238
naive,50,21,200,53,50,61.31
naive,50,22,200,53,50,52.879
naive,50,23,200,53,50,53.034
naive,50,24,200,53,50,51.442
naive,50,25,200,53,50,56.758
naive,50,26,200,53,50,55.585
naive,50,27,200,53,50,60.042
naive,50,28,200,53,50,64.368
naive,50,29,200,53,50,59.07
naive,50,30,200,53,50,55.752
naive,200,1,200,203,200,196.414
naive,200,2,200,203,200,200.213
naive,200,3,200,203,200,284.395
naive,200,4,200,203,200,239.929
naive,200,5,200,203,200,188.081
naive,200,6,200,203,200,185.001
naive,200,7,200,203,200,193.034
naive,200,8,200,203,200,177.562
naive,200,9,200,203,200,186.197
naive,200,10,200,203,200,207.658
naive,200,11,200,203,200,181.903
naive,200,12,200,203,200,193.745
naive,200,13,200,203,200,183.201
naive,200,14,200,203,200,180.537
naive,200,15,200,203,200,176.431
naive,200,16,200,203,200,175.278
naive,200,17,200,203,200,174.719
naive,200,18,200,203,200,177.647
naive,200,19,200,203,200,190.366
naive,200,20,200,203,200,181.546
naive,200,21,200,203,200,182.943
naive,200,22,200,203,200,176.343
naive,200,23,200,203,200,177.983
naive,200,24,200,203,200,189.928
naive,200,25,200,203,200,187.437
naive,200,26,200,203,200,183.6
naive,200,27,200,203,200,176.621
naive,200,28,200,203,200,183.375
naive,200,29,200,203,200,179.424
naive,200,30,200,203,200,180.911
fixed,10,1,200,4,10,11.447
fixed,10,2,200,4,10,9.618
fixed,10,3,200,4,10,10.014
fixed,10,4,200,4,10,9.572
fixed,10,5,200,4,10,9.187
fixed,10,6,200,4,10,10.086
fixed,10,7,200,4,10,9.487
fixed,10,8,200,4,10,10.632
fixed,10,9,200,4,10,9.648
fixed,10,10,200,4,10,8.614
fixed,10,11,200,4,10,10.27
fixed,10,12,200,4,10,9.019
fixed,10,13,200,4,10,9.216
fixed,10,14,200,4,10,9.78
fixed,10,15,200,4,10,9.458
fixed,10,16,200,4,10,9.486
fixed,10,17,200,4,10,9.866
fixed,10,18,200,4,10,10.296
fixed,10,19,200,4,10,9.133
fixed,10,20,200,4,10,9.969
fixed,10,21,200,4,10,9.437
fixed,10,22,200,4,10,10.649
fixed,10,23,200,4,10,9.978
fixed,10,24,200,4,10,10.377
fixed,10,25,200,4,10,11.977
fixed,10,26,200,4,10,9.753
fixed,10,27,200,4,10,9.405
fixed,10,28,200,4,10,9.817
fixed,10,29,200,4,10,8.889
fixed,10,30,200,4,10,9.598
fixed,50,1,200,4,50,17.384
fixed,50,2,200,4,50,13.839
fixed,50,3,200,4,50,14.615
fixed,50,4,200,4,50,14.186
fixed,50,5,200,4,50,14.556
fixed,50,6,200,4,50,13.334
fixed,50,7,200,4,50,13.567
fixed,50,8,200,4,50,13.858
fixed,50,9,200,4,50,13.371
fixed,50,10,200,4,50,15.809
fixed,50,11,200,4,50,13.237
fixed,50,12,200,4,50,14.448
fixed,50,13,200,4,50,12.651
fixed,50,14,200,4,50,12.596
fixed,50,15,200,4,50,14.987
fixed,50,16,200,4,50,11.306
fixed,50,17,200,4,50,18.002
fixed,50,18,200,4,50,14.303
fixed,50,19,200,4,50,13.354
fixed,50,20,200,4,50,13.047
fixed,50,21,200,4,50,13.991
fixed,50,22,200,4,50,14.19
fixed,50,23,200,4,50,10.692
fixed,50,24,200,4,50,10.997
fixed,50,25,200,4,50,13.886
fixed,50,26,200,4,50,13.611
fixed,50,27,200,4,50,12.492
fixed,50,28,200,4,50,13.436
fixed,50,29,200,4,50,11.486
fixed,50,30,200,4,50,11.548
fixed,200,1,200,4,200,22.637
fixed,200,2,200,4,200,22.34
fixed,200,3,200,4,200,23.121
fixed,200,4,200,4,200,26.535
fixed,200,5,200,4,200,25.531
fixed,200,6,200,4,200,21.412
fixed,200,7,200,4,200,19.708
fixed,200,8,200,4,200,21.485
fixed,200,9,200,4,200,22.727
fixed,200,10,200,4,200,21.389
fixed,200,11,200,4,200,20.939
fixed,200,12,200,4,200,23.942
fixed,200,13,200,4,200,45.902
fixed,200,14,200,4,200,20.6
fixed,200,15,200,4,200,20.44
fixed,200,16,200,4,200,21.216
fixed,200,17,200,4,200,19.645
fixed,200,18,200,4,200,20.953
fixed,200,19,200,4,200,22.802
fixed,200,20,200,4,200,23.614
fixed,200,21,200,4,200,22.63
fixed,200,22,200,4,200,23.395
fixed,200,23,200,4,200,22.995
fixed,200,24,200,4,200,20.582
fixed,200,25,200,4,200,19.662
fixed,200,26,200,4,200,21.786
fixed,200,27,200,4,200,19.633
fixed,200,28,200,4,200,21.777
fixed,200,29,200,4,200,23.722
fixed,200,30,200,4,200,22.728
